booking_id,passenger_id,vehicle_id,trip_date,route,seat_number,ticket_price,satisfaction_rating,status
1,543,19,2025-03-26,Route E,18,105.72,4.0,Confirmed
2,54,11,2025-10-24,Route D,97,115.44,2.0,Confirmed
3,522,3,2025-03-19,Route C,85,119.71,1.0,Cancelled
4,67,30,2025-05-25,Route F,61,100.23,2.0,Pending
5,391,7,2025-06-05,Route C,81,51.55,4.0,Pending
6,488,21,2025-03-17,Route G,85,111.41,5.0,Cancelled
7,45,6,2025-08-17,Route F,70,113.28,5.0,Pending
8,405,33,2025-01-29,Route E,34,19.88,5.0,Pending
9,11,27,2025-03-23,Route J,3,101.17,4.0,Cancelled
10,484,6,2025-09-26,Route J,42,58.94,4.0,Pending
11,555,34,2024-12-10,Route B,28,90.59,2.0,Pending
12,211,31,2024-11-26,Route G,5,107.62,4.0,Confirmed
13,58,24,2025-05-06,Route C,95,79.6,3.0,Confirmed
14,592,29,2025-04-26,Route E,1,43.43,2.0,Confirmed
15,152,36,2025-03-04,Route J,42,69.95,5.0,Cancelled
16,543,40,2025-06-15,Route C,75,62.53,1.0,Cancelled
17,118,16,2025-02-08,Route G,82,66.8,5.0,Confirmed
18,203,7,2024-12-24,Route C,84,113.65,3.0,Confirmed
19,480,9,2025-01-18,Route F,19,68.83,5.0,Confirmed
20,141,13,2025-04-06,Route G,72,15.66,1.0,Cancelled
21,561,10,2025-10-26,Route E,16,41.43,2.0,Pending
22,342,24,2025-02-02,Route I,69,74.04,3.0,Confirmed
23,192,22,2025-03-05,Route H,35,50.37,2.0,Pending
24,388,29,2025-06-29,Route I,83,20.75,4.0,Cancelled
25,52,14,2025-09-16,Route D,64,56.28,2.0,Confirmed
26,44,33,2025-10-05,Route A,86,78.63,1.0,Cancelled
27,247,37,2024-11-23,Route F,50,50.21,5.0,Cancelled
28,27,39,2025-02-17,Route B,79,39.93,1.0,Pending
29,142,3,2025-02-27,Route F,7,54.43,3.0,Pending
30,370,27,2025-10-03,Route I,95,41.23,4.0,Cancelled
31,422,37,2025-01-22,Route H,89,56.94,2.0,Confirmed
32,550,9,2025-06-06,Route I,77,26.9,1.0,Pending
33,48,14,2025-02-11,Route A,4,76.91,2.0,Cancelled
34,185,6,2025-09-26,Route H,3,20.27,5.0,Pending
35,502,10,2025-11-03,Route I,69,91.11,4.0,Pending
36,37,18,2025-02-06,Route B,81,46.62,5.0,Pending
37,213,11,2025-03-21,Route I,1,25.63,3.0,Cancelled
38,386,20,2025-05-08,Route E,9,87.69,3.0,Confirmed
39,101,15,2025-06-21,Route E,28,27.01,1.0,Confirmed
40,540,17,2025-02-19,Route F,59,115.76,4.0,Confirmed
41,469,13,2024-12-21,Route C,87,15.12,4.0,Cancelled
42,586,1,2025-09-23,Route G,10,47.9,2.0,Cancelled
43,549,37,2025-06-04,Route E,50,118.88,5.0,Confirmed
44,553,32,2025-02-26,Route E,32,80.33,2.0,
45,9,22,2025-05-26,Route I,21,102.74,3.0,Cancelled
46,15,32,2025-06-19,Route A,39,76.21,5.0,Cancelled
47,491,35,2025-04-11,Route C,28,52.57,2.0,Confirmed
48,294,1,2025-09-30,Route E,51,27.25,1.0,Confirmed
49,594,36,2025-09-27,Route C,41,105.26,1.0,Cancelled
50,410,24,2024-12-08,Route F,46,107.63,3.0,Cancelled
51,174,36,2025-10-06,Route D,69,16.27,1.0,Confirmed
52,203,33,2025-04-23,Route A,89,58.01,3.0,Cancelled
53,600,7,2025-07-30,Route J,40,45.8,3.0,Cancelled
54,262,19,2025-08-19,Route I,72,71.9,4.0,Confirmed
55,543,18,2025-04-15,Route D,72,70.41,5.0,Confirmed
56,333,37,2025-05-01,Route J,79,116.47,5.0,Pending
57,91,6,2025-08-14,Route H,4,62.61,5.0,Pending
58,207,28,2025-02-14,Route I,74,53.86,3.0,Pending
59,375,16,2025-01-02,Route G,77,23.41,3.0,Cancelled
60,88,18,2025-01-16,Route G,69,20.65,4.0,Pending
61,226,27,2024-12-25,Route F,2,67.49,5.0,Confirmed
62,294,23,2025-08-11,Route F,36,16.26,4.0,Cancelled
63,92,5,2024-12-21,Route B,35,88.52,1.0,Cancelled
64,372,38,2025-08-27,Route I,10,96.53,1.0,Confirmed
65,267,6,2025-09-18,Route E,44,15.68,2.0,Pending
66,581,5,2025-10-01,Route J,70,28.96,4.0,Confirmed
67,100,39,2025-01-13,Route A,71,82.96,,Pending
68,300,11,2025-10-18,Route G,26,99.16,1.0,Cancelled
69,15,32,2025-07-18,Route D,58,65.05,2.0,Pending
70,36,4,2025-04-17,Route I,75,114.2,4.0,Confirmed
71,242,31,2025-07-07,Route H,33,105.66,3.0,Cancelled
72,376,7,2024-12-18,Route C,89,97.76,2.0,Cancelled
73,576,32,2025-10-11,Route B,52,117.58,5.0,Cancelled
74,45,26,2025-06-13,Route E,39,85.68,4.0,Pending
75,303,38,2025-07-21,Route F,37,60.78,3.0,Pending
76,156,38,2025-05-09,Route D,86,52.1,1.0,Confirmed
77,348,7,2025-02-24,Route E,42,32.03,1.0,Confirmed
78,494,13,2025-08-27,Route G,1,65.4,4.0,Cancelled
79,431,4,2025-08-29,Route B,60,84.46,4.0,Pending
80,144,38,2024-12-20,Route H,74,40.72,3.0,Pending
81,398,30,2025-10-20,Route D,42,90.16,3.0,
82,281,5,2025-02-06,Route F,11,58.63,4.0,Pending
83,104,21,2025-04-26,Route A,7,61.05,4.0,Confirmed
84,116,19,2025-07-04,Route B,66,115.21,3.0,Confirmed
85,466,14,2025-02-16,Route J,27,16.32,4.0,Pending
86,285,6,2025-08-27,Route E,75,95.44,5.0,Pending
87,253,24,2025-10-22,Route H,53,114.27,1.0,Confirmed
88,365,31,2025-09-09,Route I,93,57.04,3.0,Pending
89,419,13,2025-01-29,Route G,70,46.05,2.0,Pending
90,266,9,2025-09-02,Route G,77,68.04,1.0,Confirmed
91,353,15,2025-10-16,Route A,69,118.55,1.0,Confirmed
92,70,39,2025-11-08,Route D,37,67.33,2.0,Confirmed
93,186,40,2025-04-01,Route E,91,42.19,3.0,Pending
94,571,12,2024-12-06,Route H,23,51.83,4.0,Confirmed
95,291,18,2025-07-27,Route G,57,68.52,3.0,Confirmed
96,581,10,2025-08-09,Route H,16,17.23,1.0,Confirmed
97,184,26,2025-08-21,Route H,64,88.89,4.0,Cancelled
98,394,15,2024-12-29,Route J,13,114.74,1.0,Confirmed
99,197,39,2025-09-20,Route C,17,102.33,4.0,Cancelled
100,307,3,2025-09-27,Route I,44,60.74,1.0,Cancelled
101,179,1,2025-03-30,Route F,61,93.14,3.0,Confirmed
102,568,23,2024-12-21,Route H,99,47.1,3.0,Confirmed
103,42,2,2025-07-15,Route E,98,26.43,3.0,Confirmed
104,152,15,2025-07-25,Route J,68,94.34,4.0,Cancelled
105,62,39,2025-11-12,Route H,92,92.66,2.0,Confirmed
106,29,35,2024-12-28,Route A,97,59.22,1.0,Confirmed
107,122,14,2025-05-14,Route I,80,92.93,3.0,Cancelled
108,232,6,2025-09-18,Route J,44,38.27,1.0,Cancelled
109,377,2,2024-11-28,Route E,83,16.5,5.0,Cancelled
110,11,25,2025-01-30,Route F,13,94.19,5.0,Confirmed
111,141,5,2025-10-25,Route C,37,55.52,2.0,Pending
112,183,32,2025-04-09,Route A,40,20.79,2.0,Pending
113,330,33,2025-03-14,Route A,83,60.08,4.0,Cancelled
114,527,38,2025-07-13,Route C,89,61.2,5.0,Pending
115,311,8,2024-11-20,Route D,4,112.38,2.0,Pending
116,115,36,2025-09-02,Route E,67,26.91,2.0,Cancelled
117,379,13,2025-03-04,Route B,72,104.75,2.0,Pending
118,221,37,2025-11-06,Route H,23,75.64,1.0,Cancelled
119,168,2,2025-09-11,Route F,86,52.46,2.0,Pending
120,196,22,2025-07-11,Route F,1,90.21,4.0,Pending
121,328,17,2025-10-04,Route J,55,28.38,2.0,Confirmed
122,439,24,2025-05-15,Route H,19,62.16,5.0,Pending
123,574,25,2025-09-30,Route F,81,106.72,3.0,Confirmed
124,314,25,2025-02-14,Route D,99,99.43,5.0,Cancelled
125,388,7,2024-11-16,Route E,48,60.08,3.0,Confirmed
126,301,24,2025-10-24,Route J,37,74.65,2.0,Confirmed
127,40,25,2025-04-15,Route F,50,70.73,5.0,Cancelled
128,536,4,2024-12-24,Route D,62,81.7,2.0,Confirmed
129,339,20,2025-04-22,Route J,16,47.17,2.0,Confirmed
130,592,40,2025-10-24,Route H,80,23.07,4.0,Cancelled
131,375,26,2025-02-06,Route E,99,100.24,5.0,Confirmed
132,44,4,2025-02-01,Route I,48,66.41,1.0,Cancelled
133,356,17,2025-03-06,Route B,10,51.5,3.0,Pending
134,274,11,2025-10-15,Route E,78,45.73,4.0,Pending
135,501,25,2025-02-07,Route G,66,70.73,1.0,Pending
136,442,24,2025-03-07,Route H,92,39.51,1.0,Cancelled
137,515,30,2025-08-19,Route I,32,117.86,1.0,Cancelled
138,144,33,2025-10-01,Route E,5,96.95,3.0,Confirmed
139,589,2,2025-05-05,Route F,34,100.15,5.0,Confirmed
140,171,22,2025-03-05,Route I,60,38.95,3.0,Cancelled
141,376,32,2025-10-09,Route A,27,105.67,5.0,Confirmed
142,336,9,2025-03-20,Route A,19,39.65,2.0,Pending
143,489,16,2025-02-07,Route I,47,91.21,1.0,Pending
144,91,8,2025-01-30,Route J,77,87.34,4.0,Confirmed
145,531,18,2025-10-31,Route C,89,36.47,4.0,Pending
146,301,6,2025-03-22,Route A,60,102.51,4.0,Confirmed
147,285,26,2025-01-25,Route J,10,42.38,4.0,Pending
148,267,1,2025-11-09,Route I,68,65.21,5.0,Pending
149,497,29,2025-10-28,Route I,88,73.09,5.0,Confirmed
150,112,35,2024-11-30,Route F,70,53.92,4.0,Pending
151,93,39,2024-11-18,Route A,76,86.08,1.0,Pending
152,52,24,2025-03-24,Route I,34,90.2,1.0,Pending
153,359,6,2025-10-16,Route C,92,32.08,1.0,Confirmed
154,560,12,2024-11-17,Route C,77,18.32,2.0,Pending
155,269,22,2025-06-29,Route D,82,100.9,1.0,Cancelled
156,583,24,2025-01-07,Route G,90,61.27,2.0,Confirmed
157,105,26,2025-03-14,Route B,70,100.96,5.0,Cancelled
158,168,29,2025-03-24,Route J,75,93.98,1.0,Pending
159,103,33,2024-11-18,Route C,99,95.68,2.0,Cancelled
160,87,7,2025-05-23,Route J,92,27.72,4.0,Pending
161,82,17,2025-11-12,Route B,59,38.69,4.0,Cancelled
162,193,36,2025-11-10,Route A,27,79.31,3.0,Confirmed
163,165,12,2025-05-22,Route E,86,57.87,5.0,Cancelled
164,59,28,2025-10-21,Route D,33,20.72,4.0,
165,265,1,2025-03-30,Route H,7,45.5,3.0,Confirmed
166,297,20,2025-09-26,Route F,47,30.11,1.0,Pending
167,521,17,2025-02-10,Route I,67,75.99,4.0,Cancelled
168,597,18,2025-05-09,Route D,44,45.51,5.0,Confirmed
169,189,22,2025-03-31,Route H,99,18.45,5.0,Cancelled
170,68,30,2025-07-13,Route D,13,32.16,2.0,Confirmed
171,372,11,2025-09-09,Route D,91,63.18,5.0,Pending
172,29,15,2025-06-22,Route B,1,73.09,2.0,Pending
173,48,38,2025-05-29,Route E,29,105.2,4.0,Confirmed
174,197,17,2025-05-05,Route A,18,33.66,5.0,Confirmed
175,535,16,2024-11-28,Route F,79,68.93,5.0,Confirmed
176,357,36,2025-10-18,Route C,20,54.59,1.0,Confirmed
177,432,9,2025-01-15,Route I,61,29.87,4.0,Confirmed
178,382,14,2025-03-17,Route E,79,108.64,2.0,Pending
179,178,37,2025-09-30,Route J,5,41.63,2.0,Confirmed
180,21,17,2025-07-27,Route D,18,90.87,2.0,Cancelled
181,272,17,2024-12-18,Route D,84,114.07,5.0,Confirmed
182,457,7,2025-05-06,Route J,53,60.47,2.0,Pending
183,369,6,2025-08-30,Route C,17,31.67,5.0,Confirmed
184,185,3,2025-05-28,Route H,63,62.53,2.0,Pending
185,249,37,2025-09-14,Route D,60,55.19,4.0,Confirmed
186,52,40,2025-01-10,Route E,74,114.41,5.0,Confirmed
187,134,31,2024-11-27,Route H,77,71.61,3.0,Confirmed
188,65,2,2025-10-03,Route E,24,51.37,4.0,Cancelled
189,119,9,2025-08-23,Route D,52,67.54,5.0,Pending
190,322,24,2024-12-03,Route A,37,56.77,4.0,Cancelled
191,322,8,2025-03-23,Route H,37,92.1,4.0,Confirmed
192,587,29,2025-03-22,Route A,32,47.23,2.0,Cancelled
193,401,9,2025-05-12,Route B,97,71.45,3.0,
194,90,39,2025-03-19,Route I,36,116.12,5.0,Cancelled
195,141,13,2025-05-23,Route F,95,101.9,3.0,Cancelled
196,120,23,2024-11-27,Route A,66,88.38,5.0,
197,117,13,2025-07-22,Route A,23,116.32,1.0,Cancelled
198,546,1,2025-03-26,Route B,4,95.53,1.0,Confirmed
199,224,40,2025-06-12,Route B,96,50.97,3.0,Confirmed
200,253,36,2025-05-04,Route J,93,46.19,3.0,Cancelled
201,323,9,2025-11-03,Route B,65,18.72,2.0,Pending
202,208,35,2025-01-09,Route A,76,83.1,4.0,Cancelled
203,466,12,2025-01-02,Route I,85,45.12,3.0,Pending
204,45,38,2025-04-19,Route B,51,22.45,4.0,Confirmed
205,359,19,2025-09-18,Route F,68,30.39,5.0,Confirmed
206,200,14,2024-12-17,Route F,90,48.53,1.0,Confirmed
207,23,20,2025-04-07,Route E,45,30.07,1.0,Confirmed
208,591,6,2025-09-13,Route H,18,40.16,1.0,Confirmed
209,49,27,2025-02-15,Route G,86,24.74,4.0,Cancelled
210,12,28,2025-02-18,Route B,8,105.65,4.0,Pending
211,534,10,2025-03-30,Route J,87,28.75,1.0,
212,426,16,2025-04-20,Route C,85,29.3,5.0,Cancelled
213,478,13,2025-11-04,Route G,85,80.06,1.0,Confirmed
214,78,29,2025-09-15,Route A,65,51.35,1.0,
215,141,35,2025-05-14,Route E,71,100.37,4.0,Pending
216,353,3,2025-05-18,Route G,30,29.72,4.0,Cancelled
217,526,1,2025-02-13,Route B,48,52.37,5.0,Confirmed
218,311,2,2025-01-27,Route D,34,35.87,1.0,Pending
219,115,17,2025-04-22,Route G,51,38.19,4.0,
220,125,29,2025-08-15,Route C,6,48.61,5.0,Pending
221,437,11,2024-11-29,Route G,92,95.63,4.0,Cancelled
222,229,20,2025-07-11,Route F,65,103.07,2.0,Cancelled
223,73,22,2024-12-04,Route G,90,45.2,2.0,Confirmed
224,120,22,2025-07-13,Route G,98,83.89,4.0,Pending
225,237,24,2025-01-26,Route I,34,98.02,2.0,
226,55,3,2025-03-05,Route C,38,48.27,,Pending
227,203,26,2025-11-11,Route B,68,60.69,5.0,Pending
228,511,17,2025-08-05,Route D,92,42.21,4.0,Pending
229,434,6,2025-03-24,Route A,85,113.81,4.0,Pending
230,487,22,2025-04-16,Route H,41,90.63,1.0,Pending
231,12,11,2025-03-31,Route C,63,110.21,1.0,Confirmed
232,419,39,2025-08-20,Route G,66,56.43,2.0,Confirmed
233,289,11,2025-10-16,Route F,87,37.27,4.0,Confirmed
234,177,30,2025-10-12,Route E,58,24.55,2.0,Confirmed
235,414,28,2025-05-10,Route B,82,91.71,4.0,Confirmed
236,54,18,2025-08-10,Route D,5,23.38,3.0,Pending
237,161,2,2025-09-17,Route D,98,22.88,2.0,Pending
238,80,2,2025-09-07,Route D,32,83.47,4.0,Cancelled
239,582,40,2025-08-27,Route B,14,74.72,3.0,Confirmed
240,389,9,2025-05-22,Route D,14,90.25,2.0,Confirmed
241,94,33,2025-02-06,Route E,41,20.28,2.0,Confirmed
242,275,27,2025-05-02,Route I,40,94.96,5.0,Cancelled
243,390,15,2025-07-21,Route A,56,59.29,3.0,Confirmed
244,384,13,2025-10-12,Route D,74,114.18,4.0,Confirmed
245,360,14,2025-11-04,Route J,3,79.01,2.0,Cancelled
246,57,4,2025-02-19,Route F,50,66.13,3.0,Cancelled
247,311,23,2024-11-22,Route J,22,107.16,2.0,Pending
248,325,25,2024-11-16,Route G,78,63.06,4.0,Confirmed
249,581,21,2025-09-06,Route G,7,29.31,2.0,Pending
250,7,20,2025-05-30,Route H,71,69.46,4.0,Confirmed
251,50,29,2025-03-24,Route I,46,76.25,2.0,Confirmed
252,175,40,2025-09-24,Route F,96,75.32,1.0,Cancelled
253,250,27,2025-10-23,Route F,88,36.6,5.0,Pending
254,135,1,2025-11-02,Route I,52,50.68,4.0,Pending
255,527,5,2025-11-10,Route D,38,38.89,5.0,Cancelled
256,193,22,2025-05-09,Route J,85,99.46,4.0,Confirmed
257,337,5,2025-11-11,Route A,38,53.79,2.0,
258,243,11,2025-01-20,Route F,66,113.44,,Cancelled
259,597,28,2025-07-19,Route B,40,29.8,2.0,Confirmed
260,351,24,2025-10-03,Route I,4,44.52,4.0,Pending
261,430,28,2025-01-26,Route I,1,76.66,2.0,Cancelled
262,375,33,2025-04-15,Route B,56,111.66,4.0,Confirmed
263,437,39,2025-07-06,Route E,67,50.37,1.0,Cancelled
264,342,3,2025-05-09,Route C,7,81.49,3.0,Cancelled
265,408,6,2025-07-05,Route B,35,54.55,2.0,Pending
266,344,21,2025-05-08,Route E,51,85.56,4.0,Cancelled
267,450,2,2025-05-13,Route C,48,94.99,1.0,Cancelled
268,70,24,2024-12-21,Route D,67,32.7,4.0,Confirmed
269,123,9,2025-04-22,Route J,22,24.0,5.0,Confirmed
270,47,8,2025-01-27,Route J,58,99.91,1.0,Cancelled
271,363,26,2025-05-29,Route F,43,109.51,4.0,Cancelled
272,570,13,2024-12-02,Route I,98,51.41,1.0,Confirmed
273,146,38,2025-04-19,Route H,23,117.0,1.0,
274,546,18,2025-04-06,Route H,17,52.2,3.0,Confirmed
275,47,28,2024-12-08,Route B,79,24.21,4.0,Cancelled
276,565,2,2025-10-30,Route C,82,72.62,5.0,Confirmed
277,371,21,2025-10-17,Route E,82,65.85,5.0,Pending
278,61,18,2025-11-15,Route E,91,69.23,3.0,
279,276,14,2025-07-04,Route H,91,47.26,3.0,Cancelled
280,254,28,2025-03-28,Route A,85,35.76,4.0,Pending
281,577,29,2024-12-07,Route I,35,71.91,5.0,Pending
282,102,2,2025-04-25,Route F,41,21.59,3.0,Pending
283,18,33,2025-06-25,Route A,58,22.03,3.0,Cancelled
284,137,29,2025-11-05,Route B,60,26.78,5.0,Cancelled
285,524,2,2025-03-13,Route F,100,25.47,5.0,Confirmed
286,413,31,2025-05-07,Route F,81,61.1,5.0,Cancelled
287,499,29,2025-03-02,Route D,72,34.03,3.0,Cancelled
288,367,30,2025-08-29,Route C,71,67.01,1.0,Cancelled
289,131,12,2025-04-20,Route I,49,46.56,1.0,Pending
290,444,18,2024-11-17,Route G,33,23.73,4.0,Cancelled
291,200,36,2025-03-30,Route C,70,25.8,4.0,Confirmed
292,510,30,2024-12-04,Route J,79,103.94,4.0,Cancelled
293,522,3,2025-07-07,Route F,10,71.74,2.0,Cancelled
294,585,38,2025-10-12,Route I,52,80.79,,Pending
295,202,31,2024-12-15,Route H,87,57.26,2.0,Cancelled
296,317,35,2025-05-02,Route D,55,118.3,2.0,Confirmed
297,137,3,2025-05-13,Route H,38,116.73,3.0,Pending
298,259,22,2025-08-15,Route G,30,45.29,5.0,Confirmed
299,457,4,2025-06-07,Route B,66,23.27,5.0,Pending
300,363,26,2025-07-22,Route H,81,99.52,3.0,Pending
301,316,8,2025-08-31,Route J,16,83.89,2.0,Pending
302,550,18,2025-01-04,Route E,65,85.4,1.0,Pending
303,338,14,2025-08-29,Route E,83,86.36,4.0,Pending
304,25,9,2025-04-06,Route A,4,44.53,1.0,Confirmed
305,512,33,2025-05-09,Route G,18,47.86,4.0,Pending
306,540,29,2025-02-02,Route D,21,112.1,5.0,Cancelled
307,307,40,2025-05-25,Route H,64,73.14,1.0,Cancelled
308,107,5,2025-10-22,Route I,20,43.15,1.0,Confirmed
309,232,27,2025-10-22,Route D,10,59.46,3.0,Pending
310,415,3,2025-03-19,Route F,22,55.46,3.0,Cancelled
311,71,34,2025-02-28,Route J,39,97.15,5.0,Confirmed
312,126,36,2025-10-31,Route A,71,56.9,2.0,Pending
313,335,18,2025-06-05,Route B,42,42.99,4.0,Confirmed
314,195,30,2024-12-14,Route H,90,90.43,5.0,Confirmed
315,310,5,2025-10-13,Route D,18,79.42,3.0,Pending
316,194,11,2025-08-03,Route G,65,19.29,3.0,Pending
317,214,39,2025-07-03,Route A,7,42.03,4.0,Cancelled
318,79,2,2025-09-24,Route G,2,81.55,2.0,Confirmed
319,253,18,2025-09-01,Route F,94,60.13,1.0,Confirmed
320,422,7,2025-07-23,Route J,28,22.82,1.0,Confirmed
321,556,36,2024-11-18,Route G,49,25.76,5.0,Confirmed
322,324,20,2025-06-21,Route D,33,104.53,3.0,Pending
323,155,32,2025-06-10,Route A,8,88.27,2.0,Cancelled
324,306,20,2025-07-12,Route J,87,90.4,1.0,Pending
325,369,29,2025-06-25,Route G,13,33.53,5.0,Cancelled
326,522,27,2025-06-09,Route B,47,80.57,1.0,Confirmed
327,584,12,2025-06-03,Route F,44,24.19,5.0,Cancelled
328,431,35,2025-09-07,Route C,39,73.31,4.0,Cancelled
329,595,39,2025-01-02,Route I,2,90.86,2.0,Confirmed
330,361,32,2024-11-22,Route H,57,16.46,5.0,Confirmed
331,306,36,2025-08-06,Route B,14,17.35,5.0,Confirmed
332,382,30,2025-06-09,Route I,50,35.6,5.0,Confirmed
333,207,2,2025-10-04,Route D,98,26.24,2.0,Cancelled
334,183,1,2025-10-09,Route D,29,41.4,3.0,Cancelled
335,167,26,2025-04-14,Route I,97,94.35,4.0,Pending
336,480,30,2024-12-18,Route H,21,46.39,5.0,Pending
337,445,12,2025-07-01,Route D,99,62.91,2.0,Pending
338,380,2,2025-06-24,Route C,54,47.18,3.0,Confirmed
339,402,21,2025-08-18,Route J,100,117.89,2.0,Pending
340,260,36,2025-04-08,Route H,78,114.22,2.0,Cancelled
341,163,25,2025-02-10,Route E,69,23.79,3.0,
342,452,34,2025-02-24,Route C,85,93.0,4.0,Pending
343,150,1,2024-12-20,Route I,26,39.85,1.0,Pending
344,147,18,2025-06-14,Route B,41,103.53,,Pending
345,301,13,2024-12-13,Route J,23,89.49,2.0,Cancelled
346,433,21,2024-12-04,Route F,68,20.48,2.0,
347,183,7,2025-09-12,Route F,75,79.59,3.0,Confirmed
348,24,33,2025-01-23,Route J,78,83.24,1.0,Pending
349,65,29,2025-08-21,Route C,26,91.61,2.0,Cancelled
350,183,15,2025-10-15,Route C,81,18.7,4.0,Pending
351,35,7,2025-09-15,Route D,100,41.95,1.0,Pending
352,60,37,2025-10-18,Route J,79,26.48,1.0,Pending
353,201,25,2025-10-30,Route E,15,109.96,2.0,Confirmed
354,277,32,2025-10-30,Route B,40,70.01,1.0,Cancelled
355,472,36,2025-01-19,Route A,39,69.5,1.0,Pending
356,238,8,2025-07-12,Route C,89,36.19,3.0,Confirmed
357,537,6,2025-06-03,Route J,83,72.01,5.0,Confirmed
358,515,38,2024-11-17,Route I,16,106.31,4.0,Confirmed
359,410,6,2025-11-15,Route B,71,78.06,5.0,Pending
360,560,10,2025-04-13,Route E,99,22.81,3.0,Pending
361,117,25,2024-11-16,Route F,77,59.57,2.0,Pending
362,568,37,2025-03-15,Route E,22,77.74,4.0,Confirmed
363,536,39,2025-09-05,Route A,27,69.58,5.0,Cancelled
364,208,38,2025-05-11,Route E,53,29.06,1.0,Pending
365,533,27,2025-05-30,Route H,84,39.23,1.0,Pending
366,88,28,2025-09-09,Route D,70,54.02,5.0,Pending
367,100,23,2025-09-27,Route C,67,76.15,5.0,Cancelled
368,25,26,2025-01-31,Route D,22,48.0,2.0,Pending
369,557,19,2025-10-07,Route F,73,69.89,1.0,Pending
370,205,19,2025-01-11,Route H,8,46.18,5.0,Cancelled
371,1,37,2025-05-23,Route E,94,20.82,2.0,Cancelled
372,91,5,2025-06-09,Route D,32,117.74,4.0,
373,347,2,2025-01-08,Route J,63,63.0,4.0,Cancelled
374,191,28,2025-01-04,Route A,4,67.46,3.0,Cancelled
375,250,19,2025-01-05,Route D,48,26.74,3.0,Pending
376,524,18,2025-05-30,Route C,17,101.54,4.0,Pending
377,122,38,2025-05-07,Route F,14,113.1,2.0,Cancelled
378,230,15,2024-11-28,Route A,42,80.51,3.0,Cancelled
379,582,1,2025-03-06,Route J,86,71.88,4.0,Pending
380,560,29,2025-03-02,Route D,81,36.37,4.0,Pending
381,585,40,2025-11-09,Route G,19,55.13,5.0,Confirmed
382,359,6,2024-12-18,Route F,42,24.81,4.0,Confirmed
383,18,4,2024-12-25,Route I,36,94.5,4.0,Cancelled
384,211,39,2024-12-28,Route D,71,118.71,1.0,Pending
385,100,24,2025-04-06,Route B,24,99.19,5.0,Confirmed
386,204,10,2025-04-28,Route C,45,115.93,2.0,Cancelled
387,7,18,2025-10-07,Route C,82,111.38,3.0,Pending
388,552,16,2025-02-20,Route J,40,68.56,2.0,Cancelled
389,176,16,2025-07-28,Route C,60,78.15,1.0,Pending
390,334,24,2025-01-01,Route D,7,102.22,5.0,Cancelled
391,319,37,2025-05-29,Route J,40,53.42,4.0,Confirmed
392,560,3,2025-02-12,Route H,33,42.35,4.0,Cancelled
393,354,36,2025-06-01,Route C,29,104.79,5.0,Cancelled
394,372,17,2025-09-04,Route A,46,89.9,4.0,Confirmed
395,29,38,2024-12-07,Route H,93,75.17,3.0,Confirmed
396,412,23,2025-10-01,Route I,81,53.07,4.0,Cancelled
397,382,6,2025-06-18,Route E,69,118.5,1.0,Cancelled
398,20,40,2025-09-26,Route G,93,37.09,5.0,Cancelled
399,85,11,2025-08-23,Route J,18,41.8,5.0,Confirmed
400,114,8,2025-01-01,Route A,57,17.36,3.0,Pending
401,368,21,2025-03-14,Route F,93,113.35,1.0,Cancelled
402,150,22,2025-04-25,Route I,87,47.51,4.0,Cancelled
403,342,22,2025-03-03,Route C,32,69.05,5.0,Cancelled
404,292,34,2024-11-29,Route B,42,16.75,1.0,Pending
405,485,23,2025-06-21,Route G,23,86.12,5.0,Confirmed
406,419,19,2025-04-07,Route A,38,81.09,2.0,Pending
407,407,40,2025-09-01,Route B,26,98.99,1.0,Confirmed
408,95,27,2025-01-15,Route D,78,113.44,2.0,Cancelled
409,145,29,2024-11-25,Route C,74,55.36,5.0,Cancelled
410,462,40,2025-04-15,Route I,49,30.57,4.0,Cancelled
411,434,2,2025-07-29,Route C,62,80.83,5.0,Cancelled
412,531,12,2024-12-27,Route A,82,29.96,,Cancelled
413,448,27,2025-06-13,Route J,39,29.92,5.0,Confirmed
414,77,36,2025-05-10,Route G,35,37.7,4.0,Cancelled
415,37,4,2025-04-18,Route E,45,85.64,3.0,Cancelled
416,190,23,2025-08-27,Route H,22,87.21,5.0,Confirmed
417,269,18,2025-01-30,Route H,3,97.63,1.0,Cancelled
418,7,38,2025-02-02,Route G,51,79.78,4.0,Cancelled
419,54,38,2025-04-21,Route E,80,96.66,5.0,Cancelled
420,390,32,2025-08-25,Route B,74,46.15,5.0,Cancelled
421,444,26,2025-06-17,Route A,59,42.56,3.0,Cancelled
422,551,11,2025-10-12,Route J,98,17.07,5.0,Confirmed
423,291,9,2025-04-17,Route I,89,38.59,2.0,Cancelled
424,276,15,2025-08-17,Route C,95,43.23,4.0,Pending
425,102,9,2025-10-12,Route C,78,75.03,3.0,Pending
426,94,19,2025-03-06,Route B,24,21.31,2.0,Confirmed
427,68,18,2025-07-04,Route D,52,50.92,5.0,Cancelled
428,156,33,2025-05-08,Route A,31,42.41,4.0,Cancelled
429,451,28,2025-11-08,Route B,58,33.46,3.0,Pending
430,7,12,2024-12-17,Route B,6,48.19,1.0,Confirmed
431,278,39,2024-12-10,Route A,51,37.73,1.0,Cancelled
432,107,19,2025-07-22,Route I,26,83.0,2.0,Confirmed
433,252,12,2025-10-13,Route I,25,24.17,4.0,Pending
434,31,22,2025-04-19,Route D,3,56.8,2.0,Pending
435,71,6,2025-02-12,Route I,79,80.93,2.0,Cancelled
436,590,34,2025-01-26,Route A,85,101.32,3.0,Confirmed
437,271,21,2024-12-19,Route I,57,86.99,4.0,Confirmed
438,571,14,2025-02-04,Route B,82,65.16,4.0,Pending
439,577,29,2025-02-28,Route G,70,104.8,4.0,Cancelled
440,481,27,2025-04-29,Route I,56,104.01,4.0,Confirmed
441,355,27,2025-05-07,Route J,63,23.28,1.0,Confirmed
442,408,15,2024-12-03,Route E,64,112.7,3.0,Pending
443,370,6,2025-09-01,Route J,73,47.08,1.0,Confirmed
444,576,9,2025-04-29,Route B,67,103.04,1.0,Confirmed
445,77,2,2025-04-01,Route B,60,66.63,5.0,Pending
446,216,6,2025-11-12,Route F,72,107.24,5.0,Confirmed
447,297,25,2025-02-12,Route B,86,75.02,1.0,Pending
448,14,16,2024-12-05,Route I,3,84.79,4.0,
449,564,20,2025-09-28,Route E,36,73.68,4.0,Pending
450,85,19,2024-12-30,Route F,79,58.94,,Confirmed
451,321,8,2024-12-15,Route F,73,107.26,5.0,Confirmed
452,452,24,2025-03-04,Route A,40,44.85,3.0,Pending
453,108,28,2025-07-09,Route B,65,66.31,3.0,Confirmed
454,132,29,2024-11-19,Route D,7,20.29,2.0,Confirmed
455,385,19,2025-01-24,Route E,85,112.73,4.0,Cancelled
456,518,24,2025-05-22,Route F,69,28.42,2.0,Cancelled
457,82,13,2025-06-26,Route I,77,34.64,2.0,Confirmed
458,265,1,2025-08-23,Route B,18,108.83,1.0,Confirmed
459,223,10,2025-05-30,Route F,78,69.55,1.0,Cancelled
460,159,15,2025-09-27,Route J,79,25.94,4.0,Confirmed
461,196,21,2025-08-31,Route I,36,36.14,3.0,Cancelled
462,496,19,2025-09-11,Route H,29,19.58,1.0,Pending
463,393,28,2025-03-08,Route G,38,50.29,1.0,Cancelled
464,16,10,2024-12-13,Route I,65,31.37,1.0,Pending
465,303,30,2025-02-26,Route B,100,99.39,4.0,Pending
466,315,1,2025-08-09,Route J,48,59.74,1.0,Confirmed
467,479,5,2024-12-20,Route I,99,49.55,1.0,Pending
468,446,14,2025-10-22,Route B,18,89.51,3.0,Pending
469,342,6,2025-01-28,Route E,17,114.62,5.0,Pending
470,417,31,2025-11-10,Route J,25,85.23,2.0,Pending
471,389,3,2024-11-18,Route G,74,27.77,4.0,Confirmed
472,491,37,2025-10-19,Route B,99,36.3,1.0,Pending
473,541,35,2024-11-17,Route A,22,24.09,3.0,Pending
474,438,5,2025-02-14,Route J,68,38.24,2.0,Cancelled
475,390,11,2025-08-12,Route G,89,28.38,5.0,Confirmed
476,306,17,2025-06-12,Route F,90,50.75,5.0,Confirmed
477,212,9,2025-04-13,Route D,53,34.81,4.0,Confirmed
478,298,39,2025-07-17,Route F,41,107.4,2.0,Cancelled
479,185,29,2024-11-24,Route E,1,68.19,4.0,Pending
480,51,7,2025-07-04,Route I,4,85.42,4.0,Confirmed
481,104,13,2025-01-06,Route J,66,99.83,4.0,Confirmed
482,85,19,2025-02-07,Route J,73,109.3,3.0,Confirmed
483,114,13,2025-06-01,Route F,43,41.85,5.0,Pending
484,191,7,2025-03-24,Route A,61,87.87,3.0,Confirmed
485,509,37,2024-11-17,Route C,38,53.28,4.0,Pending
486,140,3,2025-04-11,Route C,23,60.27,4.0,Confirmed
487,81,38,2025-10-17,Route D,20,39.88,1.0,Confirmed
488,209,31,2025-02-03,Route D,65,90.69,1.0,Pending
489,31,3,2025-02-26,Route H,42,58.02,2.0,Confirmed
490,356,23,2025-10-02,Route D,40,43.69,2.0,Confirmed
491,439,11,2025-07-28,Route H,5,103.75,3.0,Cancelled
492,293,14,2025-05-17,Route F,9,63.7,4.0,Pending
493,246,9,2025-07-21,Route C,39,24.84,4.0,Confirmed
494,383,24,2025-10-03,Route F,20,62.45,3.0,Pending
495,575,23,2025-04-25,Route I,28,107.02,3.0,Pending
496,327,28,2025-04-07,Route J,40,47.59,3.0,Cancelled
497,473,34,2025-10-22,Route E,21,80.68,3.0,Cancelled
498,299,22,2025-06-08,Route C,70,96.51,5.0,Confirmed
499,305,31,2025-09-05,Route D,7,33.03,5.0,Pending
500,589,2,2025-11-01,Route J,7,59.82,4.0,Pending
501,209,4,2025-02-21,Route D,95,62.36,5.0,Confirmed
502,321,25,2025-04-12,Route J,84,32.22,1.0,Confirmed
503,556,9,2025-04-28,Route D,31,76.59,3.0,Confirmed
504,493,10,2025-06-24,Route A,4,116.86,3.0,Cancelled
505,1,8,2025-03-17,Route H,67,20.38,2.0,Cancelled
506,425,13,2025-02-09,Route E,17,60.03,5.0,Confirmed
507,589,25,2024-12-01,Route H,45,74.83,4.0,Pending
508,219,37,2025-10-16,Route F,73,110.09,5.0,Cancelled
509,373,30,2025-01-04,Route A,83,44.15,2.0,Pending
510,88,39,2024-12-11,Route B,48,115.78,3.0,Pending
511,15,26,2025-01-31,Route F,89,114.23,,Cancelled
512,544,16,2025-07-13,Route E,97,107.48,1.0,Confirmed
513,537,19,2025-02-27,Route E,17,55.85,4.0,Confirmed
514,330,17,2024-12-06,Route J,50,80.84,4.0,Confirmed
515,136,28,2025-06-26,Route E,58,41.44,2.0,Cancelled
516,433,4,2025-04-12,Route D,62,115.12,2.0,Pending
517,230,14,2025-01-20,Route C,40,39.5,1.0,Confirmed
518,527,27,2025-06-30,Route C,97,54.82,2.0,Confirmed
519,312,9,2025-09-24,Route G,73,97.82,1.0,Pending
520,390,25,2025-05-29,Route B,82,113.82,5.0,Pending
521,145,29,2025-07-23,Route A,70,107.04,2.0,Cancelled
522,507,24,2025-07-11,Route H,99,45.38,3.0,Confirmed
523,500,6,2025-10-04,Route G,65,16.84,3.0,Cancelled
524,29,3,2025-04-19,Route F,90,108.42,5.0,Cancelled
525,342,20,2025-03-29,Route A,56,41.66,5.0,Confirmed
526,171,4,2025-02-05,Route G,40,61.05,4.0,Pending
527,133,31,2025-06-30,Route B,88,32.6,4.0,Pending
528,292,36,2025-04-24,Route H,93,97.45,4.0,Pending
529,434,38,2025-09-21,Route A,91,90.69,5.0,Confirmed
530,144,7,2025-04-13,Route G,50,46.71,2.0,Confirmed
531,216,33,2025-03-31,Route C,46,55.86,1.0,Confirmed
532,147,11,2024-12-15,Route E,26,59.09,3.0,Pending
533,468,35,2025-10-08,Route J,20,20.11,1.0,Cancelled
534,456,8,2025-06-20,Route I,43,26.65,4.0,Pending
535,120,22,2024-12-03,Route I,79,96.38,4.0,Pending
536,471,8,2024-11-28,Route E,74,39.62,3.0,Cancelled
537,211,28,2025-10-15,Route I,5,60.27,4.0,Confirmed
538,369,29,2025-06-01,Route A,84,84.18,3.0,Pending
539,524,4,2025-08-19,Route C,22,58.14,2.0,Confirmed
540,569,39,2025-04-14,Route F,69,106.11,1.0,Pending
541,524,24,2025-02-16,Route I,86,15.37,,Cancelled
542,307,11,2024-11-27,Route J,41,110.39,2.0,Confirmed
543,21,29,2025-03-11,Route B,43,75.78,5.0,Confirmed
544,319,39,2024-12-31,Route I,88,77.47,5.0,Confirmed
545,348,19,2025-11-04,Route D,26,108.42,3.0,Cancelled
546,166,39,2025-05-17,Route J,74,112.87,4.0,Pending
547,331,1,2025-04-25,Route E,30,30.93,5.0,Confirmed
548,207,12,2025-08-06,Route C,81,50.25,5.0,Confirmed
549,340,8,2025-03-13,Route A,71,87.46,5.0,Cancelled
550,268,6,2025-09-03,Route G,54,31.57,3.0,Cancelled
551,479,8,2025-07-08,Route H,18,63.84,4.0,Pending
552,595,39,2025-07-12,Route F,19,21.04,4.0,Cancelled
553,323,4,2025-04-14,Route C,83,39.09,4.0,Confirmed
554,472,38,2025-07-26,Route I,18,28.18,5.0,Pending
555,104,27,2025-02-05,Route J,54,71.92,5.0,Cancelled
556,454,1,2025-05-02,Route I,5,36.08,2.0,Confirmed
557,388,34,2024-12-26,Route C,53,43.85,5.0,Cancelled
558,135,8,2025-03-05,Route D,68,118.04,2.0,Pending
559,449,16,2024-12-14,Route H,97,79.3,2.0,Confirmed
560,233,7,2025-02-13,Route J,52,34.86,5.0,Pending
561,383,23,2025-11-11,Route J,19,76.36,1.0,Pending
562,238,3,2025-03-14,Route E,92,74.58,4.0,Confirmed
563,25,16,2025-06-05,Route D,2,51.89,2.0,Confirmed
564,317,12,2025-11-09,Route I,14,48.43,4.0,Confirmed
565,72,14,2025-03-31,Route B,71,34.6,2.0,Cancelled
566,58,21,2025-07-15,Route A,49,102.14,2.0,Pending
567,579,39,2025-09-22,Route D,58,51.43,1.0,Pending
568,398,4,2025-02-16,Route A,72,70.86,2.0,Pending
569,186,1,2025-06-26,Route D,44,25.72,3.0,Pending
570,239,12,2025-10-22,Route G,10,71.99,2.0,Cancelled
571,533,32,2025-04-18,Route J,17,75.98,2.0,Cancelled
572,194,24,2025-10-18,Route B,87,50.5,1.0,Pending
573,54,12,2025-02-08,Route I,13,55.78,2.0,
574,120,19,2025-06-04,Route A,98,112.2,3.0,Cancelled
575,326,27,2025-11-11,Route E,49,105.25,5.0,Pending
576,62,7,2025-02-01,Route A,26,51.6,4.0,Cancelled
577,434,22,2025-10-27,Route F,9,39.88,4.0,Confirmed
578,464,18,2024-11-19,Route F,84,54.57,2.0,Cancelled
579,70,9,2025-04-06,Route C,38,32.02,5.0,Confirmed
580,469,16,2025-08-17,Route G,89,110.9,,Cancelled
581,600,31,2025-04-24,Route G,56,63.25,3.0,Pending
582,156,11,2025-02-09,Route G,27,56.87,4.0,Cancelled
583,12,10,2025-01-13,Route H,43,54.65,5.0,Pending
584,497,6,2025-08-09,Route G,80,104.03,5.0,Confirmed
585,352,36,2025-05-04,Route E,23,82.23,2.0,Confirmed
586,202,38,2025-07-08,Route C,79,89.63,1.0,Cancelled
587,149,26,2025-07-24,Route E,87,33.31,5.0,Confirmed
588,262,31,2025-07-17,Route B,80,89.08,1.0,Cancelled
589,261,33,2025-02-22,Route I,93,115.6,4.0,Cancelled
590,319,12,2025-06-06,Route I,100,50.88,5.0,Confirmed
591,133,5,2025-07-04,Route B,92,19.54,4.0,Pending
592,191,3,2025-04-24,Route C,90,54.92,1.0,Pending
593,263,15,2025-04-04,Route J,78,89.1,1.0,Confirmed
594,414,24,2025-08-10,Route D,85,63.1,3.0,Cancelled
595,250,5,2025-01-14,Route G,94,15.79,1.0,Cancelled
596,397,9,2025-10-19,Route I,43,116.49,3.0,Cancelled
597,551,30,2025-07-13,Route B,91,107.48,1.0,Cancelled
598,573,36,2025-09-05,Route E,62,60.63,1.0,Confirmed
599,463,19,2024-12-22,Route E,8,69.05,1.0,
600,536,26,2025-10-04,Route C,22,109.34,5.0,Pending
601,321,25,2025-07-12,Route I,47,55.43,1.0,Cancelled
602,452,16,2025-06-09,Route I,29,50.07,2.0,Confirmed
603,80,18,2025-03-05,Route H,47,108.33,3.0,Confirmed
604,259,36,2025-06-25,Route E,91,40.09,1.0,Pending
605,343,2,2025-10-27,Route A,76,95.1,3.0,Pending
606,309,2,2025-08-06,Route D,79,53.61,4.0,Confirmed
607,214,3,2024-12-08,Route E,73,52.21,2.0,Confirmed
608,503,31,2025-06-02,Route D,32,77.66,5.0,Pending
609,387,29,2025-07-27,Route B,25,64.16,3.0,Pending
610,562,36,2025-04-03,Route D,89,80.22,2.0,Confirmed
611,188,37,2024-11-27,Route J,25,116.91,4.0,Cancelled
612,371,39,2025-06-05,Route G,69,80.17,2.0,Pending
613,262,16,2024-11-21,Route D,10,43.57,3.0,Cancelled
614,437,8,2024-11-29,Route G,53,101.32,5.0,Cancelled
615,2,34,2025-02-05,Route B,64,115.44,3.0,Cancelled
616,538,8,2025-07-22,Route J,65,110.27,5.0,Cancelled
617,600,30,2025-06-12,Route H,84,94.85,2.0,Confirmed
618,111,29,2025-03-28,Route A,32,48.88,4.0,Cancelled
619,243,40,2025-04-19,Route E,50,88.16,5.0,
620,92,31,2024-12-13,Route J,97,63.82,3.0,Pending
621,190,34,2025-11-12,Route E,92,26.3,3.0,Cancelled
622,324,7,2024-12-31,Route I,38,26.73,5.0,Pending
623,484,32,2025-04-20,Route I,17,18.16,2.0,Pending
624,173,20,2024-12-23,Route G,70,49.88,2.0,Cancelled
625,365,21,2025-06-20,Route J,40,78.14,3.0,Cancelled
626,254,32,2024-11-22,Route D,92,80.99,5.0,Pending
627,465,1,2025-08-11,Route E,38,82.14,1.0,Confirmed
628,54,32,2025-01-25,Route D,38,89.03,3.0,Pending
629,578,3,2025-01-10,Route D,47,43.56,3.0,Confirmed
630,441,3,2025-04-07,Route G,23,112.01,1.0,Cancelled
631,465,4,2025-05-22,Route D,15,110.95,5.0,Cancelled
632,509,9,2025-06-01,Route C,43,54.93,2.0,Cancelled
633,329,22,2025-10-31,Route J,17,75.96,5.0,Cancelled
634,577,27,2025-07-03,Route F,100,119.48,2.0,Pending
635,25,17,2025-11-14,Route G,25,89.33,3.0,Pending
636,543,19,2024-12-28,Route J,96,30.76,2.0,Confirmed
637,490,18,2025-03-20,Route D,32,93.08,2.0,Pending
638,197,6,2025-05-29,Route H,84,54.79,1.0,Pending
639,194,2,2025-02-05,Route B,76,29.01,1.0,Pending
640,510,11,2025-02-02,Route A,78,95.18,1.0,Confirmed
641,24,26,2025-10-12,Route C,51,32.43,1.0,Pending
642,352,10,2025-10-19,Route E,87,19.04,5.0,Pending
643,83,14,2025-11-03,Route I,66,73.65,,
644,577,35,2025-03-11,Route H,95,71.59,,Pending
645,478,3,2025-06-18,Route F,67,24.97,1.0,Cancelled
646,561,23,2025-07-04,Route D,25,92.18,2.0,Pending
647,557,15,2025-02-21,Route C,41,65.39,1.0,Confirmed
648,432,4,2025-01-12,Route C,46,42.95,5.0,Pending
649,103,21,2025-10-13,Route I,68,97.49,5.0,Confirmed
650,472,37,2025-03-01,Route I,34,67.7,5.0,Pending
651,193,27,2025-06-05,Route J,83,80.09,5.0,Pending
652,247,11,2025-10-09,Route H,80,28.86,5.0,Cancelled
653,523,29,2025-06-06,Route D,82,35.73,3.0,Pending
654,75,3,2025-04-12,Route G,2,69.52,5.0,Pending
655,37,16,2025-03-08,Route E,42,71.61,4.0,Confirmed
656,566,39,2025-05-30,Route B,89,47.95,2.0,Cancelled
657,496,20,2025-09-18,Route B,50,96.52,2.0,Pending
658,178,30,2024-11-20,Route D,57,60.49,2.0,Confirmed
659,523,24,2025-10-12,Route J,48,26.47,2.0,Confirmed
660,13,12,2025-02-05,Route E,97,119.56,4.0,Cancelled
661,543,32,2025-08-24,Route J,6,107.41,3.0,Cancelled
662,468,25,2025-02-17,Route J,60,92.89,1.0,Cancelled
663,140,38,2025-09-24,Route H,29,24.6,4.0,Cancelled
664,597,21,2025-02-02,Route I,37,104.84,1.0,Pending
665,293,28,2025-02-01,Route C,9,50.51,1.0,Confirmed
666,136,9,2025-01-21,Route F,46,19.6,2.0,Confirmed
667,91,8,2025-10-22,Route G,43,114.35,4.0,Cancelled
668,454,32,2025-08-14,Route G,50,39.26,5.0,Confirmed
669,575,19,2025-01-20,Route E,64,35.52,2.0,Cancelled
670,308,26,2025-03-16,Route I,68,103.94,1.0,Pending
671,375,32,2024-12-05,Route D,72,53.14,5.0,Confirmed
672,398,30,2025-01-30,Route E,42,47.44,2.0,Cancelled
673,418,38,2025-04-13,Route I,20,26.44,5.0,Confirmed
674,305,21,2025-04-08,Route G,21,81.18,3.0,Pending
675,78,5,2025-02-24,Route G,4,81.11,1.0,Confirmed
676,573,18,2024-12-08,Route C,89,84.6,5.0,Pending
677,140,2,2025-10-12,Route F,25,65.21,1.0,Confirmed
678,473,26,2025-09-19,Route B,86,78.31,2.0,Confirmed
679,76,24,2025-03-03,Route I,93,109.03,3.0,Pending
680,215,39,2025-07-26,Route J,50,72.9,3.0,Confirmed
681,21,14,2025-08-29,Route J,53,20.77,4.0,Confirmed
682,334,9,2025-02-11,Route D,9,114.55,4.0,Cancelled
683,12,34,2025-06-27,Route B,94,104.32,3.0,
684,537,22,2025-03-18,Route C,21,50.28,5.0,Pending
685,365,9,2025-08-21,Route H,69,108.27,5.0,Confirmed
686,114,7,2025-02-12,Route G,96,105.77,5.0,Cancelled
687,580,17,2025-01-09,Route J,89,84.38,3.0,Pending
688,312,13,2024-12-19,Route J,66,119.74,2.0,Confirmed
689,590,36,2025-03-04,Route J,44,115.19,2.0,Cancelled
690,253,11,2025-03-30,Route H,55,86.8,5.0,Cancelled
691,460,17,2025-06-25,Route B,66,34.52,,Pending
692,449,28,2025-05-02,Route H,61,35.63,5.0,Confirmed
693,43,37,2025-05-21,Route I,18,63.49,3.0,Pending
694,544,16,2025-08-16,Route B,38,33.78,3.0,Pending
695,538,28,2025-09-19,Route E,27,26.88,4.0,Pending
696,270,27,2025-01-12,Route F,80,57.34,5.0,Confirmed
697,218,38,2025-07-18,Route C,7,98.06,2.0,Confirmed
698,594,40,2024-11-30,Route G,27,33.02,3.0,Cancelled
699,407,16,2025-03-30,Route E,45,104.71,5.0,Pending
700,554,28,2025-08-07,Route A,71,92.7,1.0,Confirmed
701,80,28,2025-05-31,Route J,6,21.19,4.0,Cancelled
702,26,13,2025-05-11,Route E,81,61.51,5.0,Pending
703,8,32,2025-05-27,Route E,24,82.36,4.0,Confirmed
704,82,31,2025-02-07,Route A,24,48.3,2.0,Pending
705,550,3,2025-07-10,Route G,87,102.86,1.0,Pending
706,575,40,2024-11-27,Route D,62,15.55,4.0,Confirmed
707,597,19,2025-06-19,Route F,64,26.11,5.0,Cancelled
708,68,34,2025-02-25,Route I,92,87.19,4.0,Cancelled
709,388,31,2025-10-10,Route B,71,60.92,1.0,Pending
710,212,10,2025-10-02,Route B,87,117.43,3.0,Confirmed
711,351,33,2025-04-01,Route D,50,45.56,1.0,Confirmed
712,544,33,2025-07-04,Route A,14,58.5,2.0,Confirmed
713,190,6,2025-05-21,Route E,80,30.34,2.0,
714,484,39,2025-02-13,Route G,29,90.52,1.0,Confirmed
715,319,22,2025-08-24,Route H,48,61.04,1.0,Pending
716,365,25,2025-01-28,Route H,54,43.6,1.0,Confirmed
717,500,26,2025-01-07,Route J,88,29.85,2.0,Cancelled
718,269,32,2025-02-09,Route F,72,52.97,2.0,Cancelled
719,22,29,2025-10-25,Route E,77,105.81,4.0,Pending
720,265,14,2024-11-30,Route E,42,38.92,5.0,Cancelled
721,368,17,2025-08-11,Route H,3,52.54,4.0,Pending
722,595,20,2025-05-09,Route A,87,118.59,2.0,Cancelled
723,398,28,2025-09-03,Route C,50,72.78,5.0,Cancelled
724,595,23,2025-08-23,Route E,62,57.58,1.0,Confirmed
725,568,17,2025-02-23,Route D,90,89.43,4.0,Pending
726,20,15,2025-11-01,Route J,77,115.29,1.0,Pending
727,359,21,2025-11-10,Route E,28,23.91,1.0,Confirmed
728,380,39,2025-04-02,Route A,14,66.68,4.0,Cancelled
729,347,26,2025-03-04,Route E,81,88.55,3.0,Cancelled
730,137,9,2025-09-25,Route C,2,90.29,2.0,Cancelled
731,267,20,2025-05-08,Route A,40,17.66,5.0,Pending
732,216,25,2025-09-05,Route C,4,29.32,2.0,
733,329,38,2025-11-04,Route C,44,62.56,2.0,Confirmed
734,440,26,2025-07-25,Route I,65,114.39,5.0,Confirmed
735,523,40,2025-07-23,Route C,96,46.55,1.0,Cancelled
736,44,34,2025-02-14,Route E,12,87.61,3.0,Cancelled
737,151,27,2025-03-09,Route D,54,61.26,1.0,Pending
738,385,9,2025-07-31,Route F,19,73.4,3.0,Cancelled
739,160,15,2025-04-18,Route G,65,35.33,5.0,Pending
740,555,26,2025-04-30,Route G,55,106.48,2.0,Cancelled
741,500,13,2025-01-11,Route A,73,98.05,1.0,Confirmed
742,98,1,2025-09-06,Route I,52,43.5,2.0,Confirmed
743,475,20,2025-02-06,Route E,44,45.13,4.0,Pending
744,21,21,2024-12-01,Route B,70,54.66,3.0,Pending
745,326,28,2025-07-02,Route B,55,19.24,5.0,Cancelled
746,326,12,2025-06-05,Route E,1,64.53,3.0,Confirmed
747,125,25,2025-10-04,Route H,63,21.98,4.0,Confirmed
748,354,35,2025-03-22,Route B,49,49.04,5.0,Pending
749,338,32,2024-12-11,Route J,48,34.68,3.0,Pending
750,190,9,2025-02-02,Route G,12,112.37,1.0,Pending
751,120,10,2025-02-02,Route E,54,45.05,5.0,Confirmed
752,212,34,2025-11-15,Route G,26,117.64,3.0,Cancelled
753,564,4,2025-11-15,Route E,54,86.88,3.0,Confirmed
754,77,38,2025-02-11,Route E,55,58.23,3.0,Cancelled
755,585,28,2025-06-07,Route A,58,68.03,1.0,Cancelled
756,113,27,2025-10-24,Route D,39,100.66,1.0,Cancelled
757,225,31,2025-04-24,Route G,68,83.77,5.0,Cancelled
758,59,19,2025-02-16,Route A,29,39.21,5.0,Confirmed
759,415,6,2025-10-18,Route I,84,55.09,3.0,Confirmed
760,411,29,2025-09-24,Route A,78,33.22,5.0,Pending
761,336,31,2024-12-20,Route B,96,74.15,2.0,Cancelled
762,145,12,2025-11-07,Route I,48,65.7,5.0,Pending
763,527,25,2025-02-08,Route E,39,116.42,4.0,Pending
764,499,33,2025-06-06,Route J,55,24.0,2.0,Confirmed
765,599,6,2025-10-22,Route B,39,95.72,3.0,
766,477,27,2025-10-27,Route G,53,97.59,4.0,Cancelled
767,184,13,2025-06-02,Route F,96,105.58,3.0,
768,469,38,2025-06-17,Route J,50,65.45,3.0,
769,150,16,2025-08-04,Route D,66,60.71,4.0,Confirmed
770,509,31,2025-01-27,Route J,31,102.34,4.0,Confirmed
771,102,3,2025-09-11,Route E,73,48.38,4.0,Pending
772,121,29,2025-04-04,Route D,82,52.26,1.0,Confirmed
773,517,24,2024-12-11,Route H,88,107.59,3.0,Pending
774,441,34,2025-03-30,Route H,34,76.12,5.0,Pending
775,431,13,2024-12-20,Route D,23,93.64,3.0,Cancelled
776,419,8,2024-12-04,Route G,37,117.54,1.0,Pending
777,576,6,2025-04-23,Route G,9,79.26,3.0,Confirmed
778,315,32,2025-10-27,Route D,99,64.28,2.0,Confirmed
779,360,36,2025-08-24,Route E,29,86.44,4.0,Confirmed
780,415,9,2025-05-04,Route A,11,72.71,1.0,Cancelled
781,483,27,2025-02-23,Route A,64,94.79,4.0,
782,266,3,2024-12-15,Route E,23,39.01,3.0,Pending
783,486,30,2025-05-01,Route H,96,66.2,5.0,Pending
784,290,18,2025-01-23,Route D,25,86.09,1.0,Confirmed
785,36,20,2025-09-16,Route D,62,105.64,5.0,Pending
786,240,36,2025-08-30,Route J,78,115.23,4.0,Confirmed
787,555,31,2025-07-07,Route E,3,30.3,2.0,Confirmed
788,450,27,2025-04-10,Route D,73,29.92,4.0,Pending
789,63,31,2024-11-16,Route I,4,119.05,3.0,Pending
790,117,18,2025-01-29,Route I,32,22.94,,Pending
791,372,11,2025-09-16,Route F,97,60.03,5.0,Cancelled
792,462,33,2025-09-14,Route E,30,48.05,2.0,Pending
793,561,29,2025-08-21,Route E,9,82.54,1.0,Confirmed
794,517,27,2024-12-04,Route G,30,65.33,3.0,Cancelled
795,425,38,2025-10-22,Route I,20,57.05,1.0,Cancelled
796,528,5,2025-03-31,Route E,15,41.97,2.0,Pending
797,539,10,2025-09-16,Route A,23,60.69,1.0,Pending
798,184,29,2025-10-16,Route F,54,99.33,1.0,Pending
799,147,8,2025-11-11,Route D,94,105.86,2.0,Cancelled
800,478,18,2025-04-14,Route B,66,51.04,1.0,Cancelled
801,358,34,2025-07-25,Route E,38,92.18,1.0,Cancelled
802,409,18,2025-10-12,Route A,40,105.49,5.0,Cancelled
803,415,30,2025-11-12,Route H,26,52.49,4.0,Cancelled
804,577,3,2025-05-23,Route F,23,93.86,4.0,Cancelled
805,341,9,2025-02-07,Route D,69,89.52,2.0,Confirmed
806,32,12,2025-09-21,Route G,17,92.44,5.0,Cancelled
807,471,13,2025-03-15,Route C,58,98.74,1.0,Cancelled
808,400,19,2024-12-02,Route A,60,17.45,5.0,Confirmed
809,338,14,2024-11-15,Route A,15,115.4,2.0,Confirmed
810,95,19,2025-03-12,Route B,13,33.8,1.0,Cancelled
811,19,19,2025-06-13,Route G,15,34.3,5.0,
812,104,23,2024-12-25,Route H,97,91.47,3.0,Confirmed
813,469,2,2025-10-17,Route E,25,88.99,4.0,Pending
814,546,9,2025-03-21,Route C,43,26.57,5.0,Cancelled
815,323,9,2025-06-13,Route F,69,35.91,5.0,Pending
816,158,38,2024-11-21,Route E,12,30.49,3.0,Confirmed
817,480,37,2025-11-09,Route H,18,89.56,1.0,Pending
818,49,26,2024-12-18,Route I,100,76.79,1.0,Confirmed
819,423,9,2024-11-20,Route A,78,111.11,4.0,Cancelled
820,23,24,2024-12-09,Route I,62,70.5,2.0,Confirmed
821,230,36,2025-07-16,Route J,39,23.93,3.0,Confirmed
822,570,20,2025-02-04,Route J,99,104.08,3.0,Cancelled
823,469,16,2025-03-22,Route A,79,91.98,1.0,Cancelled
824,303,28,2025-03-10,Route E,67,15.25,,Confirmed
825,354,27,2024-12-25,Route I,50,69.33,3.0,Pending
826,83,12,2025-02-25,Route F,12,26.01,3.0,Cancelled
827,135,36,2025-02-17,Route B,11,65.84,1.0,Confirmed
828,575,9,2025-03-21,Route C,58,114.69,1.0,Confirmed
829,185,6,2025-06-09,Route D,2,69.52,3.0,Pending
830,517,16,2025-10-05,Route H,57,67.24,1.0,Pending
831,105,17,2025-06-17,Route J,22,112.25,2.0,Pending
832,403,38,2025-01-25,Route A,79,70.23,4.0,Pending
833,577,6,2025-06-17,Route J,68,111.39,1.0,Cancelled
834,93,31,2025-05-28,Route H,17,16.11,4.0,Confirmed
835,341,30,2025-04-25,Route I,71,29.72,1.0,Cancelled
836,521,4,2025-01-03,Route J,100,28.73,5.0,Pending
837,16,8,2025-03-15,Route H,26,61.43,5.0,Cancelled
838,478,14,2024-12-08,Route B,45,16.09,4.0,Confirmed
839,397,12,2025-08-19,Route G,26,81.97,3.0,Confirmed
840,285,18,2024-12-19,Route C,16,89.15,2.0,Confirmed
841,186,10,2025-08-27,Route B,44,36.71,5.0,Confirmed
842,525,20,2025-09-07,Route B,60,101.27,3.0,Confirmed
843,446,38,2025-05-24,Route C,61,29.7,5.0,Cancelled
844,51,2,2025-01-23,Route A,3,119.17,2.0,Confirmed
845,174,23,2025-02-07,Route E,61,56.1,1.0,Confirmed
846,104,37,2025-08-08,Route B,2,65.65,3.0,Confirmed
847,161,33,2025-07-11,Route B,49,83.92,4.0,Pending
848,412,34,2024-11-25,Route G,52,54.13,1.0,Pending
849,347,32,2024-12-06,Route D,12,26.2,4.0,Confirmed
850,25,26,2025-06-02,Route D,82,26.89,3.0,Cancelled
851,519,5,2025-07-23,Route G,40,30.24,4.0,Cancelled
852,521,21,2025-09-25,Route C,61,30.17,1.0,Pending
853,307,25,2025-03-26,Route D,25,77.83,1.0,Confirmed
854,217,20,2025-08-08,Route J,45,31.71,4.0,Pending
855,593,29,2025-03-30,Route G,60,74.75,,Pending
856,421,28,2025-07-24,Route E,17,57.71,1.0,Cancelled
857,365,33,2024-12-18,Route B,63,34.38,4.0,Confirmed
858,172,31,2025-04-13,Route E,28,118.72,5.0,Cancelled
859,33,32,2025-01-04,Route D,6,51.67,2.0,Pending
860,588,36,2025-10-30,Route H,47,39.78,4.0,Cancelled
861,148,18,2025-10-20,Route E,90,26.1,4.0,Pending
862,135,23,2025-03-11,Route E,14,72.99,5.0,Cancelled
863,260,27,2025-04-27,Route B,53,115.67,5.0,Pending
864,125,15,2025-01-13,Route J,39,109.62,3.0,Pending
865,480,21,2025-08-08,Route G,31,31.95,2.0,Confirmed
866,404,34,2024-12-24,Route I,53,34.77,5.0,Cancelled
867,120,37,2025-08-23,Route J,47,90.39,2.0,Confirmed
868,212,11,2025-02-27,Route G,2,41.71,4.0,Cancelled
869,286,30,2025-02-09,Route I,37,27.73,1.0,Confirmed
870,551,8,2025-04-17,Route D,79,39.46,4.0,Cancelled
871,36,33,2025-05-26,Route D,10,38.19,5.0,Cancelled
872,485,7,2025-03-10,Route J,75,44.14,2.0,Confirmed
873,289,40,2025-03-16,Route C,11,56.97,3.0,Confirmed
874,514,7,2025-04-21,Route D,21,35.73,2.0,Pending
875,558,8,2025-01-29,Route D,86,15.46,1.0,Confirmed
876,531,5,2025-08-17,Route C,37,40.6,5.0,Pending
877,175,39,2025-09-13,Route C,16,89.74,2.0,Confirmed
878,155,31,2025-01-07,Route H,8,65.21,1.0,Pending
879,45,19,2025-08-08,Route J,55,18.08,4.0,Cancelled
880,463,2,2025-06-09,Route C,90,70.44,5.0,Cancelled
881,522,7,2025-06-04,Route J,20,97.51,3.0,Pending
882,474,14,2025-05-11,Route D,51,101.39,3.0,Confirmed
883,343,40,2025-04-18,Route C,100,94.82,3.0,Confirmed
884,24,19,2025-07-07,Route A,56,42.66,1.0,Confirmed
885,276,14,2025-10-27,Route J,83,117.48,3.0,Cancelled
886,248,29,2025-02-05,Route J,11,42.86,3.0,Confirmed
887,578,39,2025-05-22,Route A,72,41.87,5.0,Cancelled
888,180,34,2025-11-02,Route B,46,119.31,1.0,Cancelled
889,419,6,2025-03-05,Route C,23,43.0,1.0,Cancelled
890,396,23,2025-06-05,Route J,43,116.22,1.0,Pending
891,365,6,2025-09-25,Route A,33,113.18,5.0,Pending
892,289,31,2025-08-10,Route A,30,30.67,3.0,Cancelled
893,194,26,2025-05-01,Route J,47,39.5,5.0,Pending
894,445,19,2024-12-15,Route D,100,106.2,2.0,Pending
895,466,25,2025-07-15,Route E,85,111.05,1.0,Pending
896,407,7,2025-04-11,Route E,57,116.59,3.0,Pending
897,80,19,2025-10-21,Route D,51,82.7,2.0,Cancelled
898,121,15,2025-01-11,Route J,18,64.82,1.0,Pending
899,272,23,2025-07-08,Route I,45,83.62,1.0,Cancelled
900,260,21,2025-02-13,Route J,83,38.17,4.0,Pending
901,260,15,2025-10-31,Route D,65,58.95,4.0,Pending
902,145,33,2025-09-23,Route F,56,95.92,5.0,Cancelled
903,193,4,2024-12-14,Route B,14,71.86,5.0,Cancelled
904,356,10,2024-11-20,Route J,81,24.42,2.0,Confirmed
905,510,35,2025-05-05,Route I,32,31.7,3.0,Confirmed
906,117,16,2025-04-19,Route H,5,99.26,4.0,Pending
907,315,3,2025-10-09,Route C,2,59.41,4.0,Pending
908,158,9,2025-04-15,Route A,28,61.96,2.0,Confirmed
909,539,39,2025-01-18,Route C,48,59.53,1.0,Pending
910,80,31,2025-08-16,Route C,99,54.45,1.0,Confirmed
911,70,22,2025-05-13,Route B,2,52.6,4.0,Confirmed
912,59,27,2025-04-21,Route J,79,107.09,2.0,Pending
913,498,28,2024-11-21,Route H,62,71.92,5.0,Cancelled
914,192,6,2024-12-20,Route G,19,71.45,5.0,Cancelled
915,11,13,2025-05-09,Route D,19,89.56,1.0,Cancelled
916,72,40,2025-10-18,Route I,1,48.33,1.0,Cancelled
917,520,9,2025-06-08,Route H,9,112.4,5.0,Pending
918,500,4,2025-02-13,Route F,91,52.38,2.0,Confirmed
919,416,7,2025-07-18,Route F,90,90.64,2.0,Pending
920,361,22,2025-09-19,Route A,23,89.36,5.0,Confirmed
921,243,26,2025-02-10,Route E,22,22.58,5.0,Pending
922,275,35,2025-04-08,Route J,24,30.81,3.0,Pending
923,69,16,2025-10-10,Route F,6,22.47,1.0,Confirmed
924,522,31,2025-04-05,Route A,2,82.79,4.0,Pending
925,138,1,2025-03-03,Route I,7,62.01,5.0,Confirmed
926,167,29,2025-08-25,Route I,9,50.11,2.0,Cancelled
927,454,14,2025-07-23,Route J,69,73.66,1.0,Pending
928,169,16,2025-10-18,Route D,55,19.61,1.0,Confirmed
929,391,36,2025-11-01,Route F,94,111.45,5.0,Pending
930,95,10,2025-01-17,Route G,78,57.98,3.0,Cancelled
931,354,31,2025-11-14,Route E,32,58.74,3.0,Confirmed
932,117,4,2025-09-16,Route A,88,68.84,2.0,Confirmed
933,53,17,2025-03-19,Route I,36,51.8,,Pending
934,290,2,2025-08-02,Route B,39,51.6,5.0,Pending
935,310,35,2025-09-19,Route D,22,50.79,2.0,Pending
936,69,31,2025-07-29,Route E,11,79.34,4.0,Confirmed
937,563,36,2025-03-20,Route D,6,45.36,2.0,Cancelled
938,134,35,2025-06-12,Route C,81,95.53,1.0,Cancelled
939,161,12,2025-07-14,Route J,98,52.57,2.0,Confirmed
940,106,12,2025-11-05,Route A,1,46.07,3.0,Pending
941,511,33,2025-11-09,Route G,91,48.51,1.0,Confirmed
942,156,27,2024-11-29,Route D,97,18.35,2.0,Pending
943,523,27,2025-02-14,Route I,83,49.71,5.0,Confirmed
944,42,31,2025-02-06,Route J,57,45.37,5.0,Pending
945,523,9,2025-03-13,Route C,88,105.32,5.0,Pending
946,35,31,2025-07-05,Route E,26,35.37,4.0,Confirmed
947,124,37,2025-09-03,Route D,44,108.18,3.0,Cancelled
948,73,40,2025-07-10,Route C,65,37.01,3.0,Confirmed
949,374,16,2025-10-31,Route E,36,100.81,1.0,Pending
950,482,21,2025-06-14,Route B,86,79.77,,Cancelled
951,460,16,2025-08-07,Route D,3,81.42,1.0,Confirmed
952,119,16,2025-11-13,Route A,98,17.58,5.0,Cancelled
953,573,28,2024-11-22,Route D,16,35.07,3.0,Cancelled
954,260,22,2025-04-04,Route F,91,90.3,2.0,Confirmed
955,183,14,2025-08-13,Route B,71,52.2,4.0,Cancelled
956,150,9,2025-03-02,Route B,1,108.09,1.0,Cancelled
957,299,5,2025-08-12,Route D,6,96.97,4.0,Confirmed
958,180,5,2025-02-07,Route H,52,19.88,5.0,Pending
959,215,1,2025-05-27,Route E,29,116.9,4.0,Confirmed
960,513,23,2024-12-15,Route J,8,16.44,4.0,Pending
961,419,4,2025-03-13,Route H,30,80.66,4.0,Pending
962,466,7,2025-06-17,Route I,23,114.69,3.0,Confirmed
963,90,36,2025-08-19,Route B,48,35.86,3.0,
964,86,37,2024-12-05,Route B,20,71.18,3.0,Confirmed
965,358,8,2025-10-11,Route J,83,42.6,5.0,Pending
966,10,38,2025-06-12,Route J,67,36.5,3.0,Cancelled
967,467,32,2025-01-14,Route A,64,112.53,4.0,Confirmed
968,251,9,2025-03-18,Route C,65,58.68,5.0,Confirmed
969,369,35,2025-09-17,Route C,24,68.15,3.0,Confirmed
970,88,17,2024-12-04,Route D,49,79.27,1.0,Cancelled
971,419,19,2025-03-31,Route A,99,44.39,3.0,Cancelled
972,135,39,2025-09-13,Route G,50,15.91,3.0,Cancelled
973,29,21,2025-06-05,Route E,70,71.88,3.0,Pending
974,157,25,2025-02-12,Route H,67,17.27,5.0,Confirmed
975,445,33,2025-05-18,Route A,71,72.68,4.0,Cancelled
976,246,24,2025-10-24,Route E,31,109.27,1.0,Cancelled
977,139,22,2025-05-12,Route I,72,40.55,3.0,Confirmed
978,73,18,2025-01-10,Route B,33,104.73,4.0,Confirmed
979,303,26,2024-12-12,Route A,91,81.38,4.0,Pending
980,3,11,2025-01-22,Route A,97,101.7,5.0,Cancelled
981,527,38,2025-08-31,Route A,10,98.48,5.0,Confirmed
982,62,31,2025-07-08,Route J,60,111.89,3.0,Confirmed
983,95,11,2025-10-15,Route A,97,22.11,2.0,Confirmed
984,90,1,2025-09-05,Route H,41,24.28,3.0,Confirmed
985,444,32,2025-02-05,Route I,86,57.88,5.0,Cancelled
986,38,19,2025-08-22,Route D,34,94.34,4.0,Confirmed
987,508,25,2025-08-21,Route A,53,16.76,5.0,Confirmed
988,228,37,2025-02-01,Route D,14,54.5,4.0,Cancelled
989,248,15,2025-09-09,Route C,47,101.71,5.0,Confirmed
990,550,13,2025-08-27,Route D,99,62.55,2.0,Cancelled
991,475,20,2025-07-07,Route I,1,100.04,4.0,Cancelled
992,16,32,2025-05-04,Route F,49,16.29,4.0,Cancelled
993,598,25,2024-11-19,Route A,68,102.52,4.0,Confirmed
994,337,40,2025-07-18,Route B,1,20.72,4.0,Confirmed
995,52,27,2025-03-11,Route G,89,16.5,3.0,Cancelled
996,290,8,2025-08-31,Route A,37,89.75,5.0,Cancelled
997,478,6,2025-01-29,Route F,48,93.74,1.0,Pending
998,66,37,2025-10-27,Route E,6,96.74,5.0,
999,412,10,2025-06-17,Route G,57,47.49,1.0,Pending
1000,237,33,2024-12-12,Route I,17,60.63,4.0,Cancelled
1001,280,19,2025-01-23,Route G,72,76.54,4.0,Pending
1002,33,30,2024-12-19,Route F,86,93.13,4.0,Cancelled
1003,233,19,2025-05-10,Route I,92,45.09,3.0,Pending
1004,453,4,2025-10-25,Route C,42,68.79,1.0,Confirmed
1005,224,8,2025-04-01,Route A,29,43.04,4.0,Cancelled
1006,385,15,2025-02-10,Route D,38,82.1,5.0,Confirmed
1007,526,10,2025-07-31,Route G,77,112.74,4.0,Cancelled
1008,572,28,2025-09-26,Route F,1,116.38,1.0,Confirmed
1009,190,9,2025-07-04,Route H,61,63.71,4.0,Pending
1010,597,6,2024-11-17,Route F,91,90.06,4.0,Confirmed
1011,383,11,2025-11-07,Route I,61,74.19,1.0,Pending
1012,121,28,2024-12-12,Route G,52,70.75,4.0,Pending
1013,251,21,2025-05-11,Route H,72,106.81,4.0,Confirmed
1014,480,37,2025-01-11,Route I,9,54.16,3.0,Pending
1015,596,29,2025-01-30,Route J,54,73.6,2.0,Pending
1016,67,24,2025-11-11,Route D,93,81.23,1.0,Cancelled
1017,314,9,2025-08-08,Route J,77,69.0,1.0,Cancelled
1018,275,37,2025-06-05,Route C,83,91.5,5.0,Confirmed
1019,594,38,2025-01-18,Route F,18,53.84,1.0,Pending
1020,16,1,2025-01-11,Route C,67,38.9,3.0,Cancelled
1021,203,15,2024-12-15,Route D,5,75.27,3.0,Confirmed
1022,227,9,2025-11-09,Route F,61,82.75,2.0,Pending
1023,353,20,2025-02-04,Route A,52,64.06,2.0,Confirmed
1024,158,39,2025-04-13,Route G,54,69.05,3.0,Cancelled
1025,393,33,2025-09-29,Route D,33,96.83,5.0,Confirmed
1026,90,25,2025-10-07,Route G,48,24.83,2.0,Cancelled
1027,351,5,2025-04-19,Route F,29,34.64,4.0,Confirmed
1028,503,29,2025-08-14,Route J,61,100.19,1.0,
1029,41,16,2025-10-04,Route G,23,109.1,2.0,Confirmed
1030,357,16,2025-08-05,Route D,6,65.66,2.0,Confirmed
1031,105,22,2025-02-15,Route H,18,73.61,1.0,Confirmed
1032,478,32,2025-03-12,Route A,67,79.51,1.0,Pending
1033,245,8,2025-03-17,Route I,11,56.28,1.0,
1034,483,19,2025-01-24,Route J,81,64.14,4.0,Cancelled
1035,191,29,2025-08-31,Route E,67,38.61,2.0,Cancelled
1036,469,37,2025-03-22,Route A,22,107.58,1.0,Confirmed
1037,63,40,2025-03-02,Route H,72,25.37,3.0,Cancelled
1038,230,27,2025-06-03,Route E,30,28.4,5.0,Confirmed
1039,272,24,2025-01-06,Route H,76,107.94,3.0,Cancelled
1040,530,9,2024-12-14,Route J,83,91.49,2.0,Cancelled
1041,166,30,2025-05-21,Route H,23,93.37,5.0,Confirmed
1042,145,38,2024-12-06,Route B,43,48.73,4.0,Pending
1043,403,21,2025-01-08,Route C,22,62.58,1.0,Pending
1044,539,39,2025-03-09,Route B,83,47.3,3.0,
1045,511,16,2025-05-13,Route C,34,51.85,1.0,Confirmed
1046,327,40,2025-06-10,Route D,22,23.71,2.0,Confirmed
1047,177,26,2025-06-29,Route D,88,20.64,5.0,Cancelled
1048,550,28,2025-03-02,Route D,12,21.69,1.0,Cancelled
1049,315,11,2025-08-16,Route G,98,82.47,2.0,Confirmed
1050,162,18,2025-06-02,Route D,61,83.62,3.0,Cancelled
1051,159,29,2025-02-09,Route A,74,91.3,,Confirmed
1052,114,22,2025-04-10,Route I,7,46.93,5.0,Pending
1053,557,4,2025-09-17,Route I,45,119.11,5.0,Pending
1054,163,28,2025-09-09,Route C,71,115.28,5.0,Confirmed
1055,135,7,2025-07-21,Route B,19,38.5,4.0,Confirmed
1056,114,11,2024-11-30,Route J,4,83.26,1.0,Pending
1057,54,33,2025-08-05,Route I,84,50.91,5.0,Confirmed
1058,488,36,2025-10-04,Route D,68,118.79,4.0,Pending
1059,31,19,2025-10-04,Route B,25,62.84,3.0,Pending
1060,314,3,2024-11-27,Route J,69,100.05,1.0,Pending
1061,464,16,2025-01-07,Route F,42,51.34,4.0,Pending
1062,525,17,2025-08-07,Route A,34,34.17,3.0,Pending
1063,327,20,2025-01-14,Route D,89,35.09,4.0,Pending
1064,109,33,2025-07-05,Route C,68,116.56,,Pending
1065,355,4,2025-04-26,Route E,85,52.14,4.0,Pending
1066,441,34,2025-05-04,Route F,91,86.46,4.0,Cancelled
1067,95,36,2025-04-06,Route J,26,83.61,3.0,Pending
1068,80,32,2025-04-07,Route D,27,79.63,,
1069,120,34,2025-07-24,Route B,26,80.6,1.0,Cancelled
1070,596,32,2024-11-29,Route J,93,98.32,1.0,Pending
1071,121,16,2025-04-23,Route C,70,109.32,4.0,Confirmed
1072,37,26,2025-07-27,Route G,83,97.31,2.0,Confirmed
1073,9,14,2025-07-20,Route G,47,31.16,3.0,Cancelled
1074,558,3,2025-06-13,Route F,76,23.87,5.0,Cancelled
1075,379,1,2024-12-13,Route I,80,85.62,5.0,Cancelled
1076,45,21,2025-01-16,Route A,12,62.0,2.0,Cancelled
1077,527,4,2025-03-30,Route D,53,88.69,3.0,Confirmed
1078,394,24,2025-09-18,Route G,35,35.34,2.0,Confirmed
1079,222,28,2025-09-26,Route A,5,62.95,2.0,Pending
1080,426,2,2025-01-21,Route B,58,35.15,3.0,Cancelled
1081,47,17,2025-09-01,Route B,75,83.9,1.0,Cancelled
1082,430,27,2025-02-14,Route A,23,52.31,2.0,Pending
1083,84,11,2025-06-22,Route F,59,103.65,3.0,Confirmed
1084,516,30,2024-11-26,Route J,44,32.37,4.0,Confirmed
1085,26,11,2024-11-17,Route C,18,68.81,4.0,Confirmed
1086,242,17,2025-07-26,Route B,47,103.06,1.0,Pending
1087,90,24,2025-11-06,Route F,34,32.69,1.0,Confirmed
1088,19,17,2025-04-25,Route G,91,88.1,1.0,Pending
1089,192,12,2025-08-28,Route B,59,75.04,3.0,Confirmed
1090,263,35,2025-05-04,Route C,8,108.46,1.0,Confirmed
1091,471,27,2025-04-28,Route F,57,80.25,2.0,Confirmed
1092,95,38,2025-10-18,Route J,61,103.76,1.0,Cancelled
1093,102,17,2025-11-13,Route F,63,76.88,3.0,Cancelled
1094,20,31,2024-12-05,Route C,51,100.42,1.0,Pending
1095,267,16,2024-11-26,Route A,43,111.34,1.0,Pending
1096,539,9,2024-12-16,Route D,99,112.47,4.0,Pending
1097,131,30,2025-05-02,Route C,49,95.6,4.0,Cancelled
1098,307,31,2025-06-17,Route J,84,106.5,4.0,Cancelled
1099,582,33,2024-12-28,Route F,92,49.86,5.0,Cancelled
1100,109,25,2025-10-30,Route I,74,44.68,4.0,Cancelled
1101,294,6,2025-10-20,Route B,66,55.65,3.0,Cancelled
1102,590,20,2025-04-03,Route H,100,69.82,5.0,Pending
1103,333,21,2025-08-09,Route H,78,30.55,1.0,Confirmed
1104,96,6,2025-11-08,Route H,67,93.71,1.0,Confirmed
1105,586,9,2025-05-15,Route G,10,53.63,2.0,Confirmed
1106,404,5,2025-11-08,Route E,62,35.83,4.0,Confirmed
1107,190,8,2024-12-24,Route B,57,92.9,3.0,Pending
1108,479,39,2025-08-02,Route A,14,66.44,2.0,Pending
1109,228,15,2025-08-24,Route F,30,79.77,2.0,Cancelled
1110,454,30,2025-09-02,Route H,18,73.44,5.0,Pending
1111,125,6,2024-12-21,Route F,66,87.43,2.0,Cancelled
1112,251,24,2025-06-29,Route H,32,54.24,4.0,Cancelled
1113,574,18,2025-04-05,Route J,11,38.56,2.0,Cancelled
1114,373,18,2024-12-31,Route J,23,31.86,4.0,Confirmed
1115,72,4,2025-04-16,Route J,23,113.14,3.0,Pending
1116,480,24,2025-08-15,Route D,96,97.11,4.0,Pending
1117,285,7,2024-11-26,Route H,21,30.41,2.0,Pending
1118,277,1,2025-09-29,Route D,52,97.5,5.0,Pending
1119,526,18,2025-02-24,Route F,61,116.0,5.0,Confirmed
1120,533,40,2025-04-16,Route H,91,110.74,2.0,Confirmed
1121,175,15,2025-08-15,Route A,6,89.36,5.0,Confirmed
1122,76,8,2024-12-23,Route J,89,60.07,,Pending
1123,391,9,2025-07-28,Route D,98,43.0,4.0,Cancelled
1124,62,27,2025-08-09,Route F,20,72.08,2.0,Pending
1125,299,10,2024-12-26,Route G,39,28.98,5.0,Confirmed
1126,544,2,2025-01-21,Route H,38,67.13,5.0,Cancelled
1127,349,14,2025-06-15,Route F,73,109.27,5.0,Confirmed
1128,550,8,2025-05-12,Route D,36,51.15,4.0,Pending
1129,149,3,2025-01-14,Route J,73,35.29,5.0,Cancelled
1130,377,35,2025-11-03,Route B,59,118.42,1.0,Pending
1131,394,36,2025-03-03,Route J,11,42.6,2.0,Cancelled
1132,61,17,2024-12-06,Route E,56,115.92,4.0,Cancelled
1133,498,29,2025-10-15,Route I,27,113.3,3.0,Pending
1134,362,34,2025-11-01,Route I,79,37.83,1.0,Confirmed
1135,127,10,2025-09-20,Route H,27,74.42,5.0,Cancelled
1136,476,12,2024-12-11,Route D,69,70.78,5.0,Cancelled
1137,510,27,2025-10-10,Route A,10,58.48,3.0,
1138,190,14,2024-12-09,Route B,27,77.98,3.0,Cancelled
1139,44,25,2025-01-02,Route C,38,79.31,5.0,Confirmed
1140,151,21,2024-12-01,Route F,87,112.34,4.0,Cancelled
1141,51,14,2024-11-15,Route D,99,85.39,1.0,Confirmed
1142,184,15,2025-09-06,Route D,33,100.31,2.0,Confirmed
1143,392,32,2025-06-09,Route J,7,33.27,5.0,Confirmed
1144,410,5,2025-04-04,Route I,95,34.02,3.0,Pending
1145,186,20,2025-05-23,Route H,90,73.21,5.0,Pending
1146,290,21,2025-09-21,Route E,84,63.43,2.0,Cancelled
1147,583,32,2025-09-25,Route A,83,45.37,2.0,Cancelled
1148,72,13,2025-02-20,Route J,50,109.42,,Confirmed
1149,343,33,2024-12-07,Route E,64,58.3,2.0,Pending
1150,500,2,2025-01-24,Route B,16,48.43,1.0,Cancelled
1151,184,23,2025-04-16,Route B,100,54.22,2.0,Confirmed
1152,599,38,2025-04-04,Route C,85,85.83,4.0,Cancelled
1153,215,34,2025-02-03,Route F,70,112.89,1.0,Pending
1154,312,25,2024-12-31,Route J,43,72.93,1.0,Cancelled
1155,503,30,2025-11-14,Route H,37,110.59,2.0,Confirmed
1156,539,14,2025-04-01,Route F,63,72.95,3.0,Cancelled
1157,117,5,2025-03-20,Route G,60,104.43,2.0,Confirmed
1158,227,10,2025-01-30,Route G,31,117.97,4.0,Pending
1159,252,19,2025-10-10,Route D,30,93.55,2.0,Pending
1160,188,33,2025-10-31,Route B,55,98.84,5.0,Pending
1161,334,22,2024-12-04,Route A,84,65.71,3.0,Cancelled
1162,491,18,2025-03-13,Route C,82,81.3,1.0,Confirmed
1163,206,36,2025-10-02,Route E,65,81.0,5.0,Cancelled
1164,131,7,2025-10-30,Route A,63,93.71,3.0,Pending
1165,348,36,2025-02-17,Route H,57,49.63,3.0,Confirmed
1166,370,10,2025-09-01,Route F,78,51.9,3.0,Confirmed
1167,17,19,2025-08-10,Route G,40,38.01,4.0,Cancelled
1168,545,6,2025-08-06,Route D,33,52.62,5.0,Pending
1169,402,24,2025-11-04,Route H,58,115.03,2.0,Confirmed
1170,479,33,2025-07-27,Route H,43,27.29,2.0,Cancelled
1171,105,39,2025-01-13,Route D,12,117.0,5.0,Pending
1172,375,7,2025-07-18,Route C,36,82.61,2.0,Pending
1173,2,11,2024-12-27,Route B,18,15.96,1.0,Cancelled
1174,542,40,2025-01-12,Route G,5,61.01,3.0,Confirmed
1175,344,5,2024-11-17,Route I,65,108.84,3.0,Pending
1176,383,34,2024-11-29,Route I,56,93.98,3.0,Pending
1177,320,36,2025-04-19,Route B,3,19.72,2.0,Cancelled
1178,389,28,2025-06-19,Route G,35,81.28,4.0,Pending
1179,259,24,2025-05-18,Route C,3,65.15,3.0,Cancelled
1180,119,25,2025-01-14,Route H,93,54.09,3.0,Pending
1181,344,18,2025-03-29,Route A,2,92.75,5.0,Pending
1182,118,19,2024-12-07,Route J,41,35.7,5.0,Cancelled
1183,465,21,2025-06-07,Route H,42,101.87,5.0,Confirmed
1184,55,5,2024-11-26,Route H,85,64.29,2.0,Pending
1185,594,5,2025-08-27,Route E,59,73.57,5.0,Cancelled
1186,252,9,2025-10-21,Route E,61,97.06,2.0,
1187,215,26,2025-10-25,Route D,20,103.3,4.0,Cancelled
1188,60,22,2025-10-31,Route C,15,72.15,,Confirmed
1189,45,28,2024-12-04,Route A,60,96.49,3.0,Cancelled
1190,250,6,2025-08-27,Route J,35,71.4,1.0,Confirmed
1191,350,34,2025-07-14,Route D,27,105.44,4.0,Confirmed
1192,283,26,2025-08-17,Route I,32,84.83,3.0,Confirmed
1193,82,5,2025-08-09,Route G,99,92.71,5.0,Cancelled
1194,541,26,2024-12-01,Route G,90,20.35,3.0,Cancelled
1195,594,18,2024-11-21,Route F,98,45.53,5.0,Cancelled
1196,98,26,2025-07-02,Route G,42,37.07,3.0,Pending
1197,70,32,2024-12-14,Route C,19,20.23,4.0,Cancelled
1198,3,12,2025-08-02,Route A,19,37.01,1.0,Pending
1199,288,26,2025-09-12,Route B,56,21.8,3.0,Pending
1200,95,21,2025-06-07,Route G,11,100.74,3.0,Confirmed
